DEBIAN_FRONTEND=noninteractive: :: env_operation	()
from	debian@jessie
git ¦clone¦https://github.com/0xFranckx0/udpholepuncher.git¦&&\\ :: Dependencies_operation	()
apt-get ¦install¦-y¦pkg-config¦libspandsp-dev¦flex¦bison¦strace¦valgrind¦gdb¦make¦gcc¦libjansson4¦libjansson-dev¦libjansson-doc¦libtool¦wget¦git¦tar :: Dependencies_operation	()
wget ¦https://github.com/libevent/libevent/releases/download/release-2.0.22-stable/libevent-2.0.22-stable.tar.gz¦&&\\ :: Dependencies_operation	()
cd ¦/opt :: Filesystem_operation	()
apt-get ¦update :: Dependencies_operation	()
apt-get ¦install¦-y¦¦build-essential¦linux-headers-`uname¦-r`¦ncurses-dev¦libxml2-dev¦binutils-dev¦libpq-dev¦libcurl4-openssl-dev¦libbluetooth-dev¦libcorosync-dev¦¦libedit-dev¦libgsm1-dev¦libgtk2.0-dev¦libical-dev¦libiksemel-dev¦libjack-dev¦liblua5... :: Dependencies_operation	()
