apt-get ¦install¦-y¦libsasl2-2 :: Dependencies_operation	()
wget ¦https://mms.mongodb.com/download/agent/monitoring/mongodb-mms-monitoring-agent_2.2.0.70-1_amd64.deb :: Dependencies_operation	()
from	ocular8.net/base
dpkg ¦-i¦mongodb-mms-monitoring-agent_2.2.0.70-1_amd64.deb :: Dependencies_operation	()
mongomms.conf/etc/supervisor/conf.d/mongomms.conf :: add_operation	()
sed ¦-i¦s/mmsApiKey=$/mmsApiKey=ef1902f7952505e222109bfb38f68b1a/¦/etc/mongodb-mms/monitoring-agent.config :: Filesystem_operation	()
