pecl ¦install¦xdebug-${XDEBUG_VERSION} :: Dependencies_operation	()
echo ¦echo¦xdebug.remote_enable=1 >> /usr/local/etc/php/conf.d/docker-php-ext-xdebug.ini;  echo xdebug.remote_autostart=0 >> /usr/local/etc/php/conf.d/docker-php-ext-xdebug.ini;  echo xdebug.remote_connect_back=1 >> /usr/local/etc/php/conf.d/doc... :: Filesystem_operation	()
from	php:7.0
XDEBUG_VERSION:2.4.0RC4 :: env_operation	()
usermod ¦-u¦1000¦www-data :: Permissions_operation	()
docker-php-ext-enable ¦xdebug :: Other_operation	()
