echo ¦echo¦"deb http://debian.datastax.com/community stable main" | tee -a /etc/apt/sources.list.d/cassandra.sources.list && curl https://debian.datastax.com/debian/repo_key | apt-key add - && apt-get update && apt-get update -o Dir::Etc::source... :: Filesystem_operation	()
run.sh/root/run.sh :: copy_operation	()
CASSANDRA_VERSION:2.1.12 :: env_operation	()
/var/lib/cassandra :: volume_operation	()
/root :: workdir_operation	()
cmd	/root/run.sh
/var/log/cassandra :: volume_operation	()
expose	9042 9160
