PATH=${PATH}:$JAVA_HOME/bin: :: env_operation	()
apk ¦update :: Dependencies_operation	()
apk ¦upgrade :: Dependencies_operation	()
JSHELLEDITOR=vim: :: env_operation	()
curl ¦-sSL¦-b¦"oraclelicense=a"¦http://download.java.net/java/jdk9-alpine/archive/179/binaries/jdk-9-ea+179_linux-x64-musl_bin.tar.gz¦|¦tar¦xz¦&&find¦.¦-maxdepth¦1¦-type¦d¦-name¦"*jdk*"¦-exec¦ln¦-sf¦{}¦$JAVA_HOME; :: Dependencies_operation	()
from	asarkar/alpine-plus
cmd	/bin/bash
JAVA_HOME=/opt/java: :: env_operation	()
/opt :: workdir_operation	()
