from	ubuntu@quantal
apt-get ¦-qy¦install¦git¦mercurial¦bzr¦subversion :: Dependencies_operation	()
GOPATH:$HOME/go :: env_operation	()
apt-get ¦-qy¦update :: Dependencies_operation	()
echo ¦echo¦"deb http://archive.ubuntu.com/ubuntu quantal main universe" >> /etc/apt/sources.list :: Filesystem_operation	()
go ¦test¦-v¦github.com/ActiveState/tail :: Build_Execute_operation	()
go ¦get¦-v¦github.com/ActiveState/tail :: Build_Execute_operation	()
apt-get ¦-qy¦install¦golang-go :: Dependencies_operation	()
