/volume/git :: volume_operation	()
from	java:7.0
git ¦clone¦https://github.com/adriannovegil/docker-maven-tomcat :: Dependencies_operation	()
mkdir ¦-p¦/local/git :: Filesystem_operation	()
/local/git/ :: workdir_operation	()
expose	8080
chmod ¦+x¦/local/git/docker-maven-tomcat/run.sh :: Permissions_operation	()
echo ¦export¦DEBIAN_FRONTEND=noninteractive && sed -i 's/#(.*multiverse$\\)/\\1/g' /etc/apt/sources.list && apt-key adv --keyserver hkp://keyserver.ubuntu.com:80 --recv 7F0CEB10 && echo 'deb http://downloads-distro.mongodb.org/repo/ubuntu-upstart ... :: Filesystem_operation	()
/local/git/docker-maven-tomcat :: workdir_operation	()
