dpkg ¦-i¦sbt-0.13.6.deb :: Dependencies_operation	()
wget ¦http://www.scala-lang.org/files/archive/scala-2.11.4.deb :: Dependencies_operation	()
apt-get ¦install¦scala :: Dependencies_operation	()
from	java
wget ¦http://dl.bintray.com/sbt/debian/sbt-0.13.6.deb :: Dependencies_operation	()
dpkg ¦-i¦scala-2.11.4.deb :: Dependencies_operation	()
apt-get ¦update :: Dependencies_operation	()
apt-get ¦remove¦scala-library¦scala :: Dependencies_operation	()
apt-get ¦install¦sbt :: Dependencies_operation	()
