from	php:7.0
pecl ¦install¦mongodb¦xdebug :: Dependencies_operation	()
rm ¦-rf¦/var/lib/apt/lists/*¦/tmp/*¦/var/tmp/* :: Filesystem_operation	()
apt-get ¦update :: Dependencies_operation	()
composer ¦install¦--prefer-dist¦--optimize-autoloader :: Dependencies_operation	()
apt-get ¦-y¦install¦git¦zlib1g-dev¦libssl-dev¦--no-install-recommends :: Dependencies_operation	()
COMPOSER_ALLOW_SUPERUSER=1: :: env_operation	()
./repo :: copy_operation	()
entrypoint	codecept
echo ¦echo¦"date.timezone = UTC" >> /usr/local/etc/php/php.ini :: Filesystem_operation	()
/project :: workdir_operation	()
apt-get ¦clean :: Dependencies_operation	()
mkdir ¦/project :: Filesystem_operation	()
PATH:/repo:${PATH} :: env_operation	()
docker-php-ext-enable ¦xdebug :: Other_operation	()
curl ¦-sS¦https://getcomposer.org/installer¦|¦php¦--¦--filename=composer¦--install-dir=/usr/local/bin :: Dependencies_operation	()
docker-php-ext-install ¦bcmath¦zip :: Other_operation	()
docker-php-ext-enable ¦mongodb :: Other_operation	()
/repo :: workdir_operation	()
composer ¦global¦require¦--optimize-autoloader¦"hirak/prestissimo" :: Dependencies_operation	()
./composer.json/repo/composer.json :: copy_operation	()
