entrypoint	/browser.sh
/downloads :: volume_operation	()
apk ¦add¦--update¦firefox=38.3.0-r0¦dbus=1.8.16-r1 :: Dependencies_operation	()
rm ¦-rf¦/var/cache/apk/* :: Filesystem_operation	()
from	alpine:3.2
apk ¦add¦--update¦iptables=1.4.21-r3¦ttf-liberation=2.00.1-r0¦ttf-linux-libertine-doc=5.3.0-r0¦ttf-droid=20110607-r0¦ttf-linux-libertine=5.3.0-r0¦ttf-ubuntu-font-family=0.80-r0¦ttf-dejavu=2.34-r0¦ttf-freefont=20120503-r0¦font-misc-cyrillic=1.0.... :: Dependencies_operation	()
cmd	1000¦1000
browser.sh/ :: add_operation	()
mkdir ¦/downloads :: Filesystem_operation	()
profile/profile :: add_operation	()
