echo ¦(echo¦"deb http://http.debian.net/debian/ jessie main contrib non-free" > /etc/apt/sources.list && echo "deb http://http.debian.net/debian/ jessie-updates main contrib non-free" >> /etc/apt/sources.list && echo "deb http://security.debian.... :: Filesystem_operation	()
DEBIAN_FRONTEND:noninteractive :: env_operation	()
LC_ALL:en_US.UTF-8 :: env_operation	()
from	debian@jessie
echo ¦apt-get¦update && apt-get -y install apt-utils locales wget unzip zip curl ca-certificates && echo "en_US.UTF-8 UTF-8" >> /etc/locale.gen && locale-gen && /usr/sbin/update-locale LANG=en_US.UTF-8 && apt-get clean && rm -Rf /var/cache/apt :: Filesystem_operation	()
