/var/log/elasticsearch :: volume_operation	()
cmd	tini¦-g¦--¦gosu¦elasticsearch:elasticsearch¦/usr/share/elasticsearch/bin/elasticsearch¦-Des.path.conf=/etc/elasticsearch
echo ¦apt-get¦update -qq && apt-get install -y --no-install-recommends ca-certificates && curl https://packages.elasticsearch.org/GPG-KEY-elasticsearch | apt-key add - && echo 'deb http://packages.elasticsearch.org/elasticsearch/2.x/debian stabl... :: Filesystem_operation	()
ELASTICSEARCH_VERSION:2.4.2 :: env_operation	()
from	airdock/oracle-jdk:1.8
/var/lib/elasticsearch :: volume_operation	()
expose	9200 9300
config/*.yml/tmp/ :: add_operation	()
