/opt/nodedoy :: workdir_operation	()
cmd	nodejs¦nodedoy.js¦/etc/nodedoy/config.json
SYNCHRONIZED_LIGHTS_HOME:/data/lightshowpi :: env_operation	()
echo ¦$(echo¦"deb http://www.deb-multimedia.org jessie main non-free" > /etc/apt/sources.list.d/deb-multimedia.list) && apt-get update && apt-get install -y git-core build-essential gcc python-dev python-pip python-numpy python-setuptools python... :: Filesystem_operation	()
PATH:"${PATH}:${SYNCHRONIZED_LIGHTS_HOME}/bin" :: env_operation	()
from	aitorpazos/rpi-nodedoy
defaults.cfg/data/lightshowpi/config/defaults.cfg :: copy_operation	()
