usermod ¦-u¦1000¦www-data :: Permissions_operation	()
*.ini/usr/local/etc/php/conf.d/ :: copy_operation	()
docker-php-ext-install ¦gd¦iconv¦intl¦mbstring¦mcrypt¦pdo_mysql¦xsl :: Other_operation	()
apt-get ¦install¦-y¦libicu-dev¦libfreetype6-dev¦libjpeg62-turbo-dev¦libmcrypt-dev¦libpng12-dev¦libxslt-dev :: Dependencies_operation	()
docker-php-ext-configure ¦gd¦--with-freetype-dir=/usr/include/¦--with-jpeg-dir=/usr/include/ :: Other_operation	()
from	php:5.6
apt-get ¦update :: Dependencies_operation	()
echo ¦apt-get¦update && apt-get install -y imagemagick graphicsmagick libmagickwand-dev && ln -s /usr/lib/x86_64-linux-gnu/ImageMagick-6.8.9/bin-Q16/MagickWand-config /usr/bin/ && yes | pecl install imagick && echo "extension=imagick.so" > /usr/... :: Filesystem_operation	()
