from	ruby:2.2
apt-get ¦update :: Dependencies_operation	()
./usr/src/app :: copy_operation	()
rm ¦-rf¦/var/lib/apt/lists/* :: Filesystem_operation	()
apt-get ¦install¦-y¦postgresql-client¦--no-install-recommends :: Dependencies_operation	()
mkdir ¦-p¦/usr/src/app :: Filesystem_operation	()
/usr/src/app :: workdir_operation	()
bundle ¦install¦--jobs¦4 :: Dependencies_operation	()
apt-get ¦install¦-y¦nodejs¦--no-install-recommends :: Dependencies_operation	()
bundle ¦config¦--global¦frozen¦1 :: Dependencies_operation	()
