from	ubuntu:12.04
apt-get ¦-y¦install¦build-essential¦python-dev¦git-core¦curl¦wget¦libxslt-dev¦zlib1g-dev¦libcurl4-openssl-dev¦libssl-dev¦libyaml-dev¦libtool¦libxml2-dev¦gawk¦pngcrush¦imagemagick¦libreadline-dev¦nginx¦language-pack-en¦sudo¦cron¦vim¦psmisc¦rsyslog¦&... :: Dependencies_operation	()
echo ¦echo¦'gem: --no-document' >> /usr/local/etc/gemrc &&\\ :: Filesystem_operation	()
dpkg-reconfigure ¦locales¦&&\\ :: Other_operation	()
apt-get ¦-y¦install¦haproxy¦openssh-server¦runit¦monit¦&&\\ :: Dependencies_operation	()
echo ¦echo¦"debconf debconf/frontend select Teletype" | debconf-set-selections &&\\ :: Filesystem_operation	()
