npm ¦install¦-g¦bower :: Dependencies_operation	()
.bowerrc/home/mean/.bowerrc :: add_operation	()
NODE_ENV:development :: env_operation	()
npm ¦install :: Dependencies_operation	()
/home/mean :: workdir_operation	()
package.json/home/mean/package.json :: add_operation	()
npm ¦install¦-g¦grunt-cli :: Dependencies_operation	()
bower.json/home/mean/bower.json :: add_operation	()
from	dockerfile/nodejs
expose	3000 35729
./home/mean :: add_operation	()
bower ¦install¦--config.interactive=false¦--allow-root :: Dependencies_operation	()
cmd	grunt
